{
  "いわき市 三和支所": [
    37.20343,
    140.679398
  ],
  "いわき市 勿来支所": [
    36.883339,
    140.764511
  ],
  "いわき市 四倉支所": [
    37.113899,
    140.981766
  ],
  "いわき市 小名浜支所": [
    36.944984,
    140.887344
  ],
  "いわき市 小川支所": [
    37.123001,
    140.868484
  ],
  "いわき市 田人支所": [
    36.96851,
    140.653137
  ],
  "いわき市　　中央台南　　小学校": [
    37.010551,
    140.925964
  ],
  "ふくしま自治研修センター (福島市)": [
    37.76083,
    140.474747
  ],
  "ビッグパレットふくしま": [
    37.750031,
    140.467773
  ],
  "三島町 役場": [
    37.470276,
    139.644455
  ],
  "三春町 役場": [
    37.440498,
    140.493393
  ],
  "下郷町 役場": [
    37.255554,
    139.872238
  ],
  "中島村 役場": [
    37.148819,
    140.350204
  ],
  "二本松 市役所": [
    37.584858,
    140.431213
  ],
  "二本松市 東和支所": [
    37.533527,
    140.595886
  ],
  "伊達 市役所": [
    37.819103,
    140.562958
  ],
  "会津坂下町役場": [
    37.561474,
    139.821701
  ],
  "会津美里町 役場高田支所": [
    37.465164,
    139.834564
  ],
  "北塩原村 役場": [
    37.655678,
    139.937637
  ],
  "古殿町 役場": [
    37.089241,
    140.555801
  ],
  "只見町 役場": [
    37.348717,
    139.315842
  ],
  "喜多方 市役所": [
    37.651302,
    139.874695
  ],
  "国見町 役場": [
    37.876781,
    140.549255
  ],
  "塙町 役場": [
    36.956879,
    140.409805
  ],
  "大玉村 役場": [
    37.534363,
    140.371109
  ],
  "天栄村 役場": [
    37.255424,
    140.247192
  ],
  "小名浜 藤原埠頭": [
    37.286922,
    140.626282
  ],
  "小野町 役場": [
    37.286922,
    140.626282
  ],
  "川俣町 山木屋 郵便局": [
    37.590488,
    140.678711
  ],
  "川俣町 役場": [
    37.66507,
    140.598297
  ],
  "平田村 役場": [
    37.221985,
    140.575653
  ],
  "新地町 役場": [
    37.876324,
    140.919617
  ],
  "昭和村 役場": [
    37.335464,
    139.610687
  ],
  "本宮 市役所": [
    37.513176,
    140.393875
  ],
  "柳津町 役場": [
    37.526062,
    139.719604
  ],
  "棚倉町 役場": [
    37.029892,
    140.379669
  ],
  "檜枝岐村 役場": [
    37.024166,
    139.388962
  ],
  "泉崎村 役場": [
    37.153801,
    140.303345
  ],
  "浅川町 役場": [
    37.080986,
    140.412827
  ],
  "湯川村 公民館": [
    37.565273,
    139.886871
  ],
  "猪苗代町 役場": [
    37.557777,
    140.104736
  ],
  "玉川村 役場": [
    37.210728,
    140.409027
  ],
  "相馬 市役所": [
    37.79726,
    140.91893
  ],
  "矢吹町 役場": [
    37.201244,
    140.338638
  ],
  "矢祭町 役場": [
    36.871326,
    140.424789
  ],
  "石川町 役場": [
    37.157085,
    140.446716
  ],
  "磐梯町 役場": [
    37.562065,
    139.988663
  ],
  "福島 市役所": [
    37.76083,
    140.474747
  ],
  "福島北警察署桑折分庁舎 (桑折町)": [
    37.854652,
    140.520798
  ],
  "福島県農業総合センター": [
    37.76083,
    140.474747
  ],
  "福島西 IC": [
    37.76083,
    140.474747
  ],
  "西郷村 役場": [
    37.141754,
    140.155396
  ],
  "農業総合センター 果樹研究所 (福島市)": [
    37.76083,
    140.474747
  ],
  "郡山市役所": [
    37.40044,
    140.359634
  ],
  "郡山市立田母神小学校": [
    37.40044,
    140.359634
  ],
  "郡山市逢瀬行政センター": [
    37.449284,
    140.271866
  ],
  "野沢小学校（西会津町）": [
    37.587402,
    139.649307
  ],
  "金山町 役場": [
    37.453732,
    139.524643
  ],
  "鏡石町 役場": [
    37.252823,
    140.34343
  ],
  "須賀川 市役所": [
    37.286934,
    140.372574
  ],
  "鮫川村 役場": [
    37.042374,
    140.509689
  ],
  "ＪＲ久ノ浜駅": [
    37.750031,
    140.467773
  ],
  "いわき市 中央台南 小学校": [
    37.010551,
    140.925964
  ],
  "いわき市末続 集会所": [
    37.050453,
    140.887726
  ],
  "ビッグパレット ふくしま": [
    37.750031,
    140.467773
  ],
  "二本松市田沢 集会場": [
    37.564785,
    140.651398
  ],
  "伊達市 下小国中央 集会場": [
    37.817295,
    140.496948
  ],
  "伊達市小国 ふれあい センター": [
    37.819103,
    140.562958
  ],
  "伊達市月舘 相葭公民館": [
    37.719326,
    140.606018
  ],
  "伊達市霊山 パーキング": [
    37.756573,
    140.581024
  ],
  "会津坂下町 役場": [
    37.561474,
    139.821701
  ],
  "南会津町役場 伊南総合支所": [
    37.200378,
    139.773911
  ],
  "南会津町役場 南郷総合支所": [
    37.200378,
    139.773911
  ],
  "南会津町役場 舘岩総合支所": [
    37.200378,
    139.773911
  ],
  "南相馬市 役所 鹿島区役所": [
    37.64217,
    140.957352
  ],
  "南相馬市 鹿島区 橲原公民館": [
    37.69099,
    140.874115
  ],
  "南相馬市役所 鹿島区役所": [
    37.64217,
    140.957352
  ],
  "本宮市役所 旧白沢 総合支所": [
    37.513176,
    140.393875
  ],
  "本宮市役所 旧白沢総合支所": [
    37.513176,
    140.393875
  ],
  "本宮市役所 白沢総合支所": [
    37.513176,
    140.393875
  ],
  "白河市役所 大信庁舎": [
    37.126343,
    140.210953
  ],
  "白河市役所 東庁舎": [
    37.126343,
    140.210953
  ],
  "白河市役所 表郷庁舎": [
    37.126343,
    140.210953
  ],
  "相馬市山上 公民館": [
    37.770828,
    140.82605
  ],
  "相馬市役所 玉野出張所": [
    37.79726,
    140.91893
  ],
  "相馬港2号 埠頭": [
    37.79726,
    140.91893
  ],
  "福島県農業 総合センター": [
    37.76083,
    140.474747
  ],
  "農業総合 センター 果樹研究所 (福島市)": [
    37.76083,
    140.474747
  ],
  "郡山市立 田母神小学校": [
    37.40044,
    140.359634
  ],
  "郡山市逢瀬 行政センター": [
    37.449284,
    140.271866
  ],
  "野沢小学校 (西会津町）": [
    37.587402,
    139.649307
  ],
  "須賀川市役所 岩瀬支所": [
    37.286934,
    140.372574
  ],
  "須賀川市役所 長沼支所": [
    37.286934,
    140.372574
  ]
}